pk_id,member_type,member_name,publisher_name,publisher_email,address1,address2,city,state,zipcode,calc_county,c_sum_circ,circulation_day,mcn_classified_email,two_by_two_ad_contact_email,run_two_by_two_ads,general_manager,general_manager_email,member_phone,member_status,parent_company,display_ad_email,deadline,coupons,open_rate,color_rate_inch,color_rate_min
110,Non Member Publication,Ad-Express - Ottumwa Courier,Ron Gutierrez,rgutierrez@cnhi.com,213 East Second Street,,Ottumwa,IA,52501,Wapello,12114 ,Wednesday,sselix@dailyiowegian.com,akroeger@dailyiowegian.com,Yes,,,(641) 684-4611,Cancelled,CNHI,iowegiangraphics@mchsi.com,Friday 5P,,8.6,9.25,
1255,Non Member Publication,AdVenture,Alex Hage,alex@dch.com,"4009 W 49th St, Ste 105",,Sioux Falls,SD,57106,Minnehaha,9200 ,Wednesday,production@autoconx.com,ads@adventure-online.com,Yes,Lloyd Uthe,lloyd@adventurelistings.com,(605)231-4243,No Longer in Business,Digital Community Holdings,ads@adventure-online.com,Friday 5P,,10,0,
500,Member Publication,Advertiser - Osceola,GM Craig Mittag,cmittag@crestonnews.com,111 E. Washington Street,,Osceola,IA,50213-0362,Clarke,10181 ,Tuesday,advertising@crestonnews.com,"ebuesch@osceolaiowa.com,ccpads@osceolaiowa.com",Yes,,,(641) 342-6006,Combined,Clarke County Publishing,advertising@crestonnews.com,Thursday 12P,,7.25,150,
610,Non Member Publication,Advertising Guide - Storm Lake,Art Cullen,times@stormlake.com,527 Cayuga St.,,Storm Lake,IA,50588,Buena Vista,15800 ,Tuesday,tim@stormlake.com,tim@stormlake.com,Yes,,,(712) 732-3130,Out of Business,Storm Lake Times Pilot,tim@stormlake.com,Thursday 2P,,10.69,150,
1090,Member Publication,Advisor - Albion,Julie Hermsen,jhermsen@norfolkareashopper.com,404 Norfolk Ave,PO Box 1266,Norfolk,NE,68702,Madison,17935 ,Tuesday,classifieds@norfolkareashopper.com,ads@norfolkareashopper.com,Yes,Julie Hermsen,jhermsen@norfolkareashopper.com,402-379-4100,Paid,Northeast Shoppers Inc,debcon@frontiernet.net,Thursday 12P,2,12.3,275,
180,Non Member Publication,AdVisor - Denison,Greg Wehle,greg.wehle@bulletinreview.com,1410 Broadway,PO Box 550,Denison,IA,51442,Crawford,10501 ,Wednesday,ads@bulletinreview.com,ads@bulletinreview.com,Yes,,,(712) 263-2122,No Longer in Business,Lee Enterprises,ads@bulletinreview.com,Friday 5P,,8.25,1,
490,Member Publication,Ad-Visor - Orange City,Dale Pluim,pluimpub@gmail.com,113 Central Ave. SE,,Orange City,IA,51041,Sioux,9722 ,Wednesday,,,,,,(712) 737-4266,Paid,Pluim Publishing Inc,luke@pluimpublishinginc.com,Monday 12P,,8.75,8.75,
1240,Non Member Publication,ADvisor Advantage- Mitchell,Noel Hamiel,,120 South Lawler St,,Mitchell,SD,57301,Davison,17705 ,Wednesday,dailyclass@mitchellrepublic.com,dailyclass@mitchellrepublic.com,,,,(605) 996-5514,Cancelled,Forum Communications Company,,Friday 12P,,9,275,
10,Member Publication,Algona Reminder,Brad Hicks,publisher@algona.com,14 E Nebraska St,,Algona,IA,50511,Kossuth,11730 ,Tuesday,ads@algona.com,ads@algona.com,Yes,Nancy Steburg,nsteburg@algona.com,(515) 295-3535,Paid,"Enterprise Media Inc., Charles City",ads@algona.com,Thursday 12P,2,13.9,225,
1174,Member Publication,Approved Marketing Solutions,Kathy Napora,omaha@amclassifieds.com,11218 John Galt Blvd #203,,Omaha,NE,68137,Douglas,40603 ,Thursday,omaha@amclassifieds.com,omaha@amclassifieds.com,,,,(402) 342-4426,Paid,Kathy Napora,omaha@amclassifieds.com,Monday 6P,2,11,,
1480,Member Publication,Big Buck Shopper,Paul Pehler,paul.pehler@lee.net,321 Frenette Dr.,,Chippewa Falls,WI,54729,Chippewa,62372 ,Saturday,paul.pehler@lee.net,paul.pehler@lee.net,,,,(608) 791-8300,Paid,Lee Enterprises,tess.thruman@lee.net,Friday 4P,,14.49,7,35
742,Non Member Publication,Bluff Country Reader,David Phillips,dphillips@bluffcountrynews.com,101 S. Broadway Ave,,Spring Valley,MN,55975,Fillmore,17934 ,Monday,dgroth@bluffcountrynews.com,,,,,(507) 346-7365,Cancelled,Phillips Publishing Inc,ads@bluffcountrynews.com,Thursday 12P,,12.25,1,
735,Member Publication,"Boone County Shopper, Inc.",Edward L Branom,ebranom@boonecountyshopper.com,112 Leonard Court,,Belvidere,IL,61008,Boone,20266 ,Thursday,ebranom@boonecountyshopper.com,,,Matt Branom,mbranom@boonecountyshopper.com,(815) 544-2166,Paid,The Boone County Shopper Inc,mbranom@boonecountyshopper.com,Monday 12P,2,17.47,150,
80,Non Member Publication,Boone County Shopping News,None,,2136 E Mamie Eisenhower Ave,,Boone,IA,50036,Boone,9864 ,Wednesday,classified@amestrib.com,cdixon1@localiq.com,Yes,Shannon Welch,swelch2@localiq.com,(515) 432-6694,No Longer in Business,GateHouse Media,cdixon1@localiq.com,Thursday 5P,,14.85,,
1210,Member Publication,"Broadcaster, The",,,818 Cottage Ave,,Vermillion,SD,57069,Clay,10800 ,Tuesday,beth.rye@yankton.net,beth.rye@yankton.net,Yes,,,(605) 624-4429,Paid,Yankton Media Inc,beth.rye@yankton.net,Thursday 11A - Rate card on file,2,6,4,75
550,Member Publication,Calhoun County Reminder,Jason Major,jmajor@calhouncountyreminder.com,515 4th Street,,Rockwell City,IA,50579,Calhoun,5696 ,Tuesday,ads@calhouncountyreminder.com,ads@calhouncountyreminder.com,Yes,,,(712) 297-8931,Paid,Dudley Printing Inc,ads@calhouncountyreminder.com,Friday 5P,2,5.5,0,
641,Member Publication,Cedar Valley Saver,Tracy Cummings,tracy.cummings@oelweindailyregister.com,3336 Kimball Ave. Ste. 251-A,,Waterloo,IA,50702,Black Hawk,22019 ,Thursday,tom@cvsaver.com,danielle@cvsaver.com,Yes,Tom Hofmann,tom@cvsaver.com,(319) 232-4500,Paid,Community Media Group Inc,tom@cvsaver.com,Friday prior noon,2,16,,
455,Member Publication,Chickasaw County Advertiser- New Hampton Tribune,Christopher Hall,christopherhall@charlescitypress.com,801 Riverside Drive,,Charles City,IA,50616,Floyd,6814 ,Tuesday,ads@nhtrib.com,ads@nhtrib.com,,,,(641)-228-3211,Paid,Charles City Press,accounting@nhtrib.com,Wednesday 5P,2,13.09,2,
530,Non Member Publication,Chiefland Shopper,None,,"1316 2nd St, Ste B",,Perry,IA,50220,Dallas,15476 ,Tuesday,cdixon1@localiq.com,cdixon1@localiq.com,Yes,Kim Fowler,kfowler@localiq.com,(515) 465-4666,Out of Business,Iowa Holdings,,Thursday 12P,,8.23,100,
1386,Non Member Publication,Citizen Tribune- Sherburne County,Gary Meyer,citizennewspaper@midconetwork.com,14054 Bank St.,,Becker,MN,55308,Sherburne,10987 ,Saturday,citizenlegals@midconetwork.com,,,,,(763) 261-5880,Cancelled,Gary W Meyer,citizenads@midconetwork.com,Thursday 12P,,11.8,10100,
189,Member Publication,Cityview,Shane Goodman,shane@dmcityview.com,"8101 Birchwood Court, Suite D",,Johnston,IA,50131,Polk,30000 ,1st Thursday,"shane@dmcityview.com,celeste@dmcityview.com","shane@dmcityview.com,celeste@dmcityview.com",,,,(515) 953-4822,Paid,Big Green Umbrella Media,jolene@iowalivingmagazines.com,3rd Monday of Month by 5PM,2,,0,
260,Member Publication,Consumer Weekly - The Messenger,Terry Christensen,tchristensen@messengernews.net,713 Central Ave,,Fort Dodge,IA,50501,Webster,9955 ,Wednesday,cpeterson@messengernews.net,cpeterson@messengernews.net,Yes,Terry Christensen,tchristensen@messengernews.net,(515) 576-6721,Paid,Ogden Newspapers,cpeterson@messengernews.net,Thursday 12 Noon,1,15,40,
150,Member Publication,Cresco Shopper,John Loveless,crescoshopper53@gmail.com,P.O. Box 117,116 2nd Ave. S.E.,Cresco,IA,52136,Howard,13619 ,Tuesday,peggy@crescoshopperinc.com,peggy@crescoshopperinc.com,Yes,Peggy Loveless,peggy@crescoshopperinc.com,(563) 547-2025,Paid,John & Peggy Loveless,peggy@crescoshopperinc.com,Friday 12P,1,13,50,
170,Non Member Publication,Dallas County News,Lisa Widick,lwidick@theperrychief.com,"1316 2nd St, Ste B",,Perry,IA,50220,Dallas,10271 ,Wednesday,cdixon1@localiq.com,cdixon1@localiq.com,Yes,Kim Fowler,kfowler@amestrib.com,(515) 465-4666,No Longer in Business,Dallas County News Inc,nitani@adelnews.com,Friday 3P,,11.5,100,
1351,Non Member Publication,Dodge County Advantage,Keith Hansen,keithhdci@kmtel.com,121 W Main St,,Kasson,MN,55944,Dodge,13650 ,Wednesday,dcimain@kmtel.com,dcimain@kmtel.com,,,,(507) 634-7503,Cancelled,Dodge Media,dcimain@kmtel.com,Friday 12 NOON ,,15,75,
210,Member Publication,Dubuque Advertiser,Greg Birkett,gbirkett@dbqadvertiser.com,2966 J.F.K. Road,,Dubuque,IA,52002,Dubuque,28365 ,Wednesday,gbirkett@dbqadvertiser.com,gbirkett@dbqadvertiser.com,Yes,,,(563) 588-0162,Paid,Dubuque Advertiser Inc,gbirkett@dbqadvertiser.com,Friday 12P,0,15,4,25
390,Member Publication,Eastern Iowa Shopping News,Beth Lutgen,blutgen@wcinet.com,223 1st Ave E,PO  Box 350,Dyersville,IA,52040,Dubuque,20766 ,Tuesday,mindy.carter@wcinet.com,mindy.carter@wcinet.com,Yes,Jason Norton,jason.norton@wcinet.com,(563) 875-7131,Paid,Woodward Communications Inc - Iowa,june.naber@wcinet.com,Thursday 2P,2,14.57,6.5,30
1192,Member Publication,Elkhorn Valley Shopper,Tom Kelly,publisher@wpnews.com,134 E. Grove St,,West Point,NE,68788-0040,Cuming,9467 ,Wednesday,admanager@wpnews.com,admanager@wpnews.com,Yes,Karey Rahn,admanager@wpnews.com,(402) 372-2412,Paid,West Point News Incorporated,admanager@wpnews.com,Monday 12P,2,12.85,89,
710,Member Publication,"Exchange, The",Susan Smith,ads@exchangeline.com,113 S. 1st Avenue,,Winterset,IA,50273,Madison,30763 ,Wednesday,,ads@exchangeline.com,Yes,,,(515) 462-4625,Cancelled,"Texline, Inc",ads@exchangeline.com,Friday 5P,,5.75,25,
240,,Fairfield Town Crier,Matt Bryant,pub@southeastiowaunion.com,114 E. Broadway,,Fairfield,IA,52556,Jefferson,11065 ,Tuesday,coordinators@ffledger.com,coordinators@ffledger.com,Yes,,,(641) 472-4129,Combined,Folience,leann.nolte@southeastiowaunion.com,Thursday 9AM,,12,75,
1310,Member Publication,Fairmont Photo Press,Sherman Kumba,editor@fairmontphotopress.com,112 E. 1st St.,,Fairmont,MN,56031,Martin,11771 ,Wednesday,frontdesk@fairmontphotopress.com,,Yes,Sandy Gethmann,sandy@fairmontphotopress.com,(507) 238-9456,Paid,Karen Fisher,sandy@fairmontphotopress.com,Monday 12P,,13.75,3,
1430,Member Publication,Family Flyer- Lake County,Shari Foreman,ffpublisher10@yahoo.com,PO Box 1004,,Crown Point,IN,46308,Lake,44078 ,1st Thursday,info@familyflyer.com,info@familyflyer.com,Yes,,,(219) 689-6262,Paid,Family Flyer Inc,info@familyflyer.com,15th of month prior,2,25,50,
191,Non Member Publication,Faribault Area Shopper,Randy Rickman,randy.rickman@apgsomn.com,514 Central Ave N,,Faribault,MN,55021,Rice,16192 ,Tuesday,toni.schmidt@apgsomn.com,toni.schmidt@apgsomn.com,Yes,,,(507) 444-2367,Cancelled,APG Media of Southern MN- Adams Publishing Group,class@apgecm.com,Thursday 3P - Rate card on file,,22,399,
1361,Member Publication,Farm Market News,John Draper,jdraper@pipestonestar.com,115 2nd St. NE,,Pipestone,MN,56164,Pipestone,18057 ,1st-3rd Monday,prepress@pipestonestar.com,prepress@pipestonestar.com,Yes,,,(507) 825-3333,Paid,Pipestone Publishing Company,plorang@pipestonestar.com,Wednesday,2,17.3,99,
261,Non Member Publication,Farm News,Terry Christensen,tchristensen@messengernews.net,713 Central Ave.,,Fort Dodge,IA,50501,Webster,12200 ,Friday,dlantz@farm-news.com,dlantz@farm-news.com,Yes,,,(515) 574-4451,Cancelled,Ogden Newspapers Inc,dlantz@farm-news.com,Friday 11A,,22.2,40.006,
1357,Member Publication,Fillmore County Journal,Jason Sethre,jason@fillmorecountyjournal.com,136 St. Anthony St.,,Preston,MN,55965,Fillmore,18117 ,Monday,jason@fillmorecountyjournal.com,jason@fillmorecountyjournal.com,Yes,,,(507) 765-2151,Paid,Sethre Media Group Inc,ads@fillmorecountyjournal.com,Tuesday 5P,2,18.92,6,
1352,Member Publication,FM Extra,Lisa Miller,lmiller@ncppub.com,"810 4th Ave S, Ste 120",,Moorhead,MN,56560,Clay,5867 ,Thursday,ads@ncppub.com,ads@ncppub.com,Yes,,,(218) 284-1288 EXT 23,Paid,New Century Press Inc,ads@ncppub.com,Tuesday 12 noon,2,12,247,
1360,Member Publication,Free Star,John Draper,jdraper@pipestonestar.com,115 2nd St. NE,,Pipestone,MN,56164,Pipestone,11003 ,Monday,prepress@pipestonestar.com,prepress@pipestonestar.com,Yes,,,(507) 825-3333,Paid,Pipestone Publishing Company,plorang@pipestonestar.com,Friday 12P,2,11.35,80,
1300,Member Publication,Freeborn County Shopper,Julia Thompson,julia.thompson@southernminnesotashoppers.com,110 W. Pearl Street,,Albert Lea,MN,56007,Freeborn,13712 ,Tuesday,julia.thompson@southernminnesotashoppers.com,julia.thompson@southernminnesotashoppers.com,Yes,,,(507) 473-4422,Paid,Southern Minnesota Shoppers,julia.thompson@southernminnesotashoppers.com,Thursday 5P - Rate card on file,2,32,75,
570,Member Publication,Golden Shopper,Peter Wagner,pww@iowainformation.com,227 9th Street,,Sheldon,IA,51201,Obrien,14218 ,Tuesday,creative@iowainformation.com,creative@iowainformation.com,Yes,Jason Lindsay,jlindsay@iowainformation.com,(712) 324-5347,Paid,Iowa Information Publications Inc,Drust@iowainformation.com,Thursday 12P,2,8.94,8.97,
1490,Member Publication,Grant Iowa Lafayette Shopping News,,,11 Means Drive,,Platteville,WI,53818-0500,Grant,33385 ,Tuesday,mindy.carter@wcinet.com,mindy.carter@wcinet.com,Yes,Mindy Carter,mindy.carter@wcinet.com,(608) 348-2374,Paid,Woodward Communications Inc- Wisconsin,"lbanfield@wcinet.com, ashley.snyder@wcinet.com",Friday 9AM,2,21,6.5,
480,Member Publication,Grapevine,Tim Ryan,grapevinerpc@gmail.com,621 Whittier,PO Box 330,Whiting,IA,51063,Monona,9153 ,Wednesday,grapevinerpc@gmail.com,grapevinerpc@gmail.com,,,,(712) 458-2402,Paid,Ryan Publishing Company,grapevinerpc@gmail.com,Monday 12P,2,6,90,
1470,Non Member Publication,Great Dane Shopping News,Joe Mathes,jmathes@wisconsinmediagroup.com,PO Box 237,,Kiel,WI,53042,Manitowoc,29892 ,Wednesday,sschjoth@wisconsinmediagroup.com,cstang@wisconsinmediagroup.com,Yes,Joe Mathes,jmathes@wisconsinmediagroup.com,(608) 845-9559,No Longer in Business,Wisconsin Media Group,cstang@wisconsinmediagroup.com,Thursday 5PM,,13.95,4,
1160,Member Publication,Hartington Shopper,Tom Schieffer,hartshopper@hartel.net,213 N. Broadway,,Hartington,NE,68739,Cedar,6153 ,Wednesday,hartshopper@hartel.net,hartshopper@hartel.net,Yes,,,(402) 254-7471,Paid,Hartington Shopper Inc,hartshopper@hartel.net,Monday 3P,2,13.5,85,
1032,Member Publication,Hillsboro Free Press,Joey Young,joey@kspublishingventures.com,116 S. Main St.,,Hillsboro,KS,67063,Marion,7606 ,Wednesday,joey@kspublishingventures.com,joey@kspublishingventures.com,Yes,,,(620) 947-5702,Paid,Kansas Publishing Ventures LLC,joey@kspublishingventures.com,Monday 12P,2,16,110,
1350,Non Member Publication,Home Magazine,Steve Jameson,sjameson@mankatofreepress.com,"1400 Madison Ave., Ste. 610",,Mankato,MN,56001,Blue Earth,35920 ,Tuesday,heather@homemagonline.com,heather@homemagonline.com,,,,(507) 387-7953,Cancelled,CNHI,maryk@homemagonline.com,Thursday 12P,,23.81,208,
659,Member Publication,Hometown Marketplace,Matt Bryant,matt.bryant@southeastiowaunion.com,1069 Court Ave.,PO Box 222,Marengo,IA,52301,Iowa,14060 ,Wednesday,katie.meck@southeastiowaunion.com,katie.meck@southeastiowaunion.com,Yes,,,319-653-2191,Paid,"Folience, Inc.",tammy@hometowncurrent.com,Thursday 10AM,2,8.75,10,
290,Member Publication,Humboldt Reminder,Kris Grabianowski,kris@humboldtnews.com,512 Sumner Ave.,PO Box 157,Humboldt,IA,50548,Humboldt,11386 ,Wednesday,faith@humboldtnews.com,jen@humboldtnews.com,Yes,,,(515) 332-2514,Paid,Armstrong Journal,faith@humboldtnews.com,Monday 12P,2,9.25,120,
1012,Non Member Publication,Independent Shopper,Jackie Caulkins,jcaulkins@indshopper.com,154 W Wasington Ave,,Lewiston,IL,61542,Fulton,17068 ,Monday,billing@indshopper.com,caulkins@indshopper.com,,,,(309) 647-5200,Cancelled,Keenan & Jacqueline Caulkins,ads@indshopper.com,Wednesday 5P,,9.8,0,
188,Member Publication,Iowa Living Magazines,Shane Goodman,shane@dmcityview.com,"8101 Birchwood Court, Suite D",,Johnston,IA,50131,Polk,146176 ,Thursday,jolene@iowalivingmagazines.com,Jolene@iowalivingmagazines.com,Yes,,,(515) 953-4822,Paid,Big Green Umbrella Media,jolene@iowalivingmagazines.com,Friday by 11AM,2,0,0,
460,Member Publication,Jasper County Advertiser,Craig Mittag,cmittag@shawmedia.com,107 1st Ave. E,,Newton,IA,50208,Jasper,9116 ,Wednesday,advertising@newtondailynews.com,advertising@newtondailynews.com,Yes,,,(641)792-5320 EXT 6551,Paid,Shaw Media Company,advertising@newtondailynews.com,Two days prior 12P,2,12.5,150,
340,Member Publication,Lakes News Shopper,John Adams,john@LNSprint.com,1009 22nd St.,,Milford,IA,51351,Dickinson,21000 ,Tuesday,john@LNSprint.com,john@LNSprint.com,Yes,,,(712)338-2232,Paid,Lakes News Shopper,john@LNSprint.com,Monday 11A,2,7.8,50,
1320,Member Publication,Livewire -Jackson County,Justin Lessman,justinl@livewireprinting.com,310 Second St.,PO BOX 208,Jackson,MN,56143,Jackson,8869 ,Sunday,eileenc@livewireprinting.com,julies@livewireprinting.com,Yes,,,(507) 847-3771,Paid,Livewire Printing Company Inc,prepress@livewireprinting.com,Wednesday 10:30AM,2,11.9,3,
1325,Member Publication,Luverne Announcer,Rick Peterson,rick@star-herald.com,117 W. Main St.,,Luverne,MN,56156,Rock,8923 ,Sunday,designer@star-herald.com,designer@star-herald.com,Yes,,,(507) 283-2333,Paid,Tollefson Publishing,tolly@star-herald.com,Thursday 12P,2,10.1,165,
1316,Non Member Publication,Manney's Shopper - Hibbing,Chris Knight,cknight@mesabidailynews.net,2142 1st Ave.,,Hibbing,MN,55746,Saint Louis,15494 ,Sunday,mferris@hibbingdailytribune.net,,Yes,,,(218) 262-1011,Cancelled,APG Media / Manney's Shopper Inc,taune@hibbingdailytribune.net,Thursday 12P,,15.9,125,
1317,Non Member Publication,Manney's Shopper - Virginia,Chris Knight,cknight@mesabitribune.com,704 7th Ave. S.,,Virginia,MN,55792,Saint Louis,19513 ,Sunday,sstern@mesabitribune.com,,Yes,,,(218) 741-5544,Cancelled,APG Media / Manney's Shopper Inc,astanaway@mesabitribune.com,Thursday 10A,,16.1,125,
370,Non Member Publication,Marion County Reminder,Ron Gutierrez,rgutierrez@cnhi.com,1901 A Ave W,,Oskaloosa,IA,52577,Mahaska,13426 ,Tuesday,oskyclass@oskyherald.com,,Yes,,,(641) 672-2581,Cancelled,CNHI,ohcirc@oskyherald.com,Thursday 11A,,8,275,
420,,Mason City Shopper,,,"687 S. Taft Ave, Suite 2",,Mason City,IA,50401,Cerro Gordo,28035 ,Tuesday,msc.Classads@globegazette.com,,,,,(641) 421-0507,,Lee Enterprises,msc.majorsmail@globegazette.com,Thursday 2P,,10,60.00115,
193,Non Member Publication,Minnesota River Valley Shopper,Randy Rickman,randy.rickman@apgsomn.com,311 S Minnesota St,,St Peter,MN,56082,Nicollet,10844 ,Saturday,toni.schmidt@apgsomn.com,toni.schmidt@apgsomn.com,Yes,,,(507) 444-2367,Cancelled,APG Media of Southern MN- Adams Publishing Group,class@apgecm.com,Tuesday 3P - Rate card on file,,16.65,85,
1230,Member Publication,Missouri Valley Shopper,Gary Wood,gary.wood@yankton.net,319 Walnut St,,Yankton,SD,57078,Yankton,20470 ,Tuesday,Micki.Schievelbein@yankton.net,"micki.schievelbein@yankton.net,beth.rye@yankton.net",,,,(605) 665-5884,Paid,Yankton Media Inc,micki.schievelbein@yankton.net,Fri 12P -Add $45 Monster.com to employment ads- Rate card on file,2,13.3,4,75
1330,Member Publication,Mower County Shopper,Julia Thompson,julia.thompson@southernminnesotashoppers.com,3405 W. Oakland Ave.,,Austin,MN,55912,Mower,14302 ,Tuesday,julia.thompson@southernminnesotashoppers.com,julia.thompson@southernminnesotashoppers.com,Yes,,,(507) 473-4422,Paid,Southern Minnesota Shoppers,julia.thompson@southernminnesotashoppers.com,Thursday 5PM,2,32,,45
440,,Mt. Pleasant Shopper,Matt Bryant,pub@southeastiowaunion.com,119 West Monroe St,,Mt Pleasant,IA,52641,Henry,10182 ,Tuesday,coordinators@ffledger.com,coordinators@ffledger.com,Yes,,,(319) 385-3131,Combined,Folience,holly.frary@southeastiowaunion.com,Thursday 9AM,,12,75,
1319,Member Publication,Murray County Advantage,Louise M. Johnson,text@fuldafreepress.net,118 N. St. Paul Ave.,,Fulda,MN,56131,Murray,7883 ,Monday,text@fuldafreepress.net,ads@fuldafreepress.net,Yes,Jerry Johnson,jerry@fuldafreepress.net,(507) 425-2303,Paid,Johnson Publishing,ads@fuldafreepress.net,Thursday 12P,2,9.5,95,
1331,Member Publication,NewsHopper,Laura Heglund,hopper@crosbyironton.net,2027 South 6th St,PO Box 562,Ironton,MN,56455,Crow Wing,13778 ,Saturday,hopper@crosbyironton.net,hopper@crosbyironton.net,Yes,,,(218) 772-0300,Paid,Eric and Laura Heglund,hopper@crosbyironton.net,Monday by 12 Noon,2,12.5,250,
50,Member Publication,Nishna Valley Tribune,Jeff Lundquist,jrlund@ant-news.com,517 Leroy St.,,Audubon,IA,50025-0268,Audubon,7917 ,Tuesday,"acndianab@gmail.com,ads@valleynewstoday.com","jeannemacn@gmail.com,ads@valleynewstoday.com",Yes,,,(712) 563-2741,Paid,Community Media Group,jeannemacn@gmail.com,Thursday 5P,2,7.2,,
1168,Member Publication,Norfolk Area Shopper,Julie Hermsen,jhermsen@norfolkareashopper.com,PO Box 1266,,Norfolk,NE,68702,Madison,27901 ,Wednesday,classifieds@norfolkareashopper.com,ads@norfolkareashopper.com,,,,(402) 379-4100,Paid,Northeast Shoppers Inc,jhermsen@norfolkareashopper.com,Friday 5P,2,12.1,,
120,Member Publication,Northeast Iowa Shopper,Christopher Hall,christopherhall@charlescitypress.com,801 Riverside Drive,,Charles City,IA,50616,Floyd,15252 ,Tuesday,classifiedads@charlescitypress.com,christopherhall@charlescitypress.com,Yes,Christopher Hall,christopherhall@charlescitypress.com,(641) 228-3211,Paid,Charles City Press,"chris@charlescitypress.com, graphics@charlescitypress.com",Wednesday 4PM,2,15.88,4,
192,Non Member Publication,Northfield Weekender,Randy Rickman,randy.rickman@apgsomn.com,115 5th St W,,Northfield,MN,55057,Rice,9079 ,Saturday,toni.schmidt@apgsomn.com,toni.schmidt@apgsomn.com,Yes,,,(507) 444-2367,Cancelled,APG Media of Southern MN- Adams Publishing Group,class@apgecm.com,Thursday 12P - Rate card on file,,18.75,399,
600,Member Publication,Northwest Iowa Shopper,Brad Hicks,publisher@spencerdailyreporter.com,310 E. Milwaukee,,Spencer,IA,51301,Clay,14681 ,Wednesday,kvanderwoude@spencerdailyreporter.com,kvanderwoude@spencerdailyreporter.com,Yes,,,(712) 262-6610,Paid,"Enterprise Media Inc, Charles City",tjmurphy@spencerdailyreporter.com,Friday Noon,2,10,2,
549,Member Publication,NWIA Extra,Lisa Miller,lmiller@ncppub.com,310 1st Ave,,Rock Rapids,IA,51246,Lyon,1094 ,Monday,ads@ncppub.com,mpunt@ncppub.com,Yes,,,(712) 472-2525,Paid,"New Century Press, Inc",ads@ncppub.com,Friday 12P,2,12.09,247,
470,Member Publication,Oelwein Shopper's Reminder,Tracy Cummings,tracycummings@oelweindailyregister.com,25 First Street SE,,Oelwein,IA,50662,Fayette,19241 ,Monday,classifieds@oelweindailyregister.com,ads@oelweindailyregister.com,Yes,,,(319) 283-2144,Paid,Community Media Group Inc,ads@oelweindailyregister.com,Thursday by 12 Noon,2,18.65,2.5,
1169,Member Publication,O'Neill Shopper,Lisa Connot,lisa@theoneillshopper.net,129 N. 4th Street,PO BOX 671,O'Neill,NE,68763,Holt,12727 ,Wednesday,cindy@oneillprinting.net,cindy@oneillprinting.net,Yes,,,(402) 336-3519,Paid,Mary Poese,lisa@theoneillshopper.net,Monday 12P,2,8.14,9.54,
505,Non Member Publication,Oskaloosa Shopper,Ron Gutierrez,rgutierrez@cnhi.com,1901 A Avenue West,,Oskaloosa,IA,52577,Mahaska,16985 ,Wednesday,creative@oskyherald.com,ohcirc@oskyherald.com,Yes,,,(641) 672-2581,Cancelled,Community Newspaper Holdings Inc,ohcirc@oskyherald.com,Thursday 5P,,12.74,275,
190,Non Member Publication,Owatonna/Waseca Area Shopper,Randy Rickman,randy.rickman@apgsomn.com,135 West Pearl St,,Owatonna,MN,55060,Steele,22876 ,Tuesday,toni.schmidt@apgsomn.com,toni.schmidt@apgsomn.com,Yes,,,(507) 444-2367,Cancelled,APG Media of Southern MN- Adams Publishing Group,class@apgecm.com,Thursday 3P - Rate card on file,,22,399,
1202,Member Publication,Payday,Mark Davis,mdavis@plainsman.com,49 Third Street SE,,Huron,SD,57350,Beadle,15478 ,Wednesday,rcrandall@plainsman.com,rcrandall@plainsman.com,Yes,,,(605) 353-7412,Paid,Pay Day Print Shop,mdavis@plainsman.com,Thursday 12P,2,17.5,195,
1170,Non Member Publication,Penny Press 1,,,823 Central Ave.,,Nebraska City,NE,68410,Otoe,18822 ,Monday,tkavan@ncnewspress.com,tkavan@ncnewspress.com,Yes,,,(800) 742-7662,Cancelled,Gatehouse Media Inc,vrudolph@ncnewspress.com,Thursday 11A,,16.47,168,
100,Member Publication,Penny Saver - Cedar Rapids,Zack Kucharski,zack.kucharski@thegazette.com,115 3rd Street SE,,Cedar Rapids,IA,52341,Linn,62649 ,Wednesday,classifieds@thegazette.com,,Yes,,,(319) 398-8333,Paid,Gazette Communications,cindy.margretz@thegazette.com,Thursday 12P,,20,,
1020,Non Member Publication,Penny Saver - Monmouth,,,400 S. Main,,Monmouth,IL,61462,Warren,0 ,,,,,,,(309) 734-3176,Cancelled,,,,,,,
9050,Non Member Publication,PennySaver - Harlan,Josh Byers,josh@harlanonline.com,1114 7th Street,,Harlan,IA,51537,Shelby,8561 ,Tuesday,comp@harlanonline.com,comp@harlanonline.com,Yes,,,(712) 755-3111,Cancelled,"Harlan Publishing, Inc.",mike@harlanonline.com,Friday 10A,,9.1,180,
410,Member Publication,Pennysaver - Marshalltown,Terry Christensen,tchristensen@messengernews.net,135 West Main Street,,Marshalltown,IA,50158,Marshall,18155 ,Wednesday/Saturday,knash@timesrepublican.com,knash@timesrepublican.com,Yes,,,(641) 752-6630,Paid,Ogden Newspapers,rjames@timesrepublican.com,Thursday 12P,2,16.53,145,
640,Non Member Publication,Pulse - Formerly The Insider,,david.adams@wcfcourier.com,PO Box 540,,Waterloo,IA,50704,Black Hawk,70579 ,Wednesday,carmen.goedken@wcfcourier.com,,Yes,,,(319) 291-1403,No Longer in Business,Lee Enterprises,matt.tranquill@lee.net,Wednesday 12P,,14.285,100,100
1307,Member Publication,Red River Promoter,John Kolness,kolnesscommunications@gmail.com,300 Main St. E.,,Hendrum,MN,56550,Norman,13990 ,1st Thursday,john@redriverpromoter.com,,,,,(218) 861-6708,Paid,Heritage Publications,ads@redriverpromoter.com,1st of month,2,12,16,
300,Non Member Publication,Reminder - Ida Grove,Matt Grohe,ceo@midamericapub.com,214 Main St.,,Ida Grove,IA,51445,Ida,5206 ,Tuesday,info@idacountycourier.com,,,,,(712) 364-3131,Cancelled,Mid-America Publishing,info@idacountycourier.com,Friday 3P,,6.9,1,
60,Non Member Publication,Reminder- Printing Services Inc,,,524 River Ave. N.,,Belmond,IA,50421,Wright,6742 ,Wednesday,mstrayer@psi2go.net,,,,,(641) 444-3955,Cancelled,Printing Services Inc,,Monday 4P,,6.35,60,
1510,Member Publication,Richland Center Shopping News,Mike Fortman,mike.fortman@wcinet.com,272 N. Main St,PO Box 272,Richland Center,WI,53581,Richland,13159 ,Tuesday,mindy.carter@wcinet.com,mindy.carter@wcinet.com,Yes,Mindy Carter,mindy.carter@wcinet.com,(608) 647-2911,Paid,Woodward Communications Inc- Wisconsin,melissa.bomkamp@wcinet.com,Friday 10AM,1,12.7,4,
1337,Member Publication,Sartell St.Stephen Newsleader,Janelle Von Pinnon,janellev@thenewsleaders.com,1622 11th Ave SE,,St. Cloud,MN,56304,Stearns,9764 ,1st & 3rd of Fridays of the month,graphics@thenewsleaders.com,janellev@thenewsleaders.com,Yes,,,(320) 363-7741,Paid,Von Meyer Publishing Inc,janellev@thenewsleaders.com,Tuesday Prior 12P,2,46.15,,
1370,Member Publication,Sauk Rapids Herald,Joyce Frericks,joyce@saukherald.com,522 Sinclair Lewis Ave.,,Sauk Centre,MN,56378,Stearns,4432 ,Saturday,amanda@saukherald.com,pat@saukherald.com,Yes,Mark Klaphake,,(320) 251-1971,Paid,Star Publications LLC,missy@saukherald.com,Wednesday 5P,2,14.93,70,
400,Non Member Publication,Shopper - Maquoketa,Judy Van Hecke,shopper-ads@qwestoffice.net,108 N. Main,,Maquoketa,IA,52060,Jackson,12778 ,Wednesday,shopper-ads@qwestoffice.net,shopper-ads@qwestoffice.net,,,,(563) 652-6803,Cancelled,The Shopper,shopper-ads@qwestoffice.net,Monday 12P,,4.75,125,
1380,Member Publication,The Windom Shopper,Trevor Slette,trevors@windomnews.com,260 10th St.,,Windom,MN,56101,Cottonwood,8800 ,Monday,composition@windomnews.com,composition@windomnews.com,Yes,,,(507) 831-3455,Paid,Citizen Publishing Company,composition@windomnews.com,Thursday 9AM,1,10.7,245,
700,Member Publication,The Shopper - Winterset,Susan Smith,thewintersetshopper@gmail.com,215 N. 1st Ave,PO Box 28,Winterset,IA,50273,Madison,13983 ,Tuesday,,,,,,(515) 462-1535,Paid,Winterset Madisonian Inc,thewintersetshopper@gmail.com,Monday 12P,,4.75,30,
430,Member Publication,Shoppers' Guide,Trevis Mayfield,advertising@monticelloexpress.com,111 E. Grand St,PO BOX 191,Monticello,IA,52310,Jones,7408 ,Wednesday,advertising@monticelloexpress.com,advertising@monticelloexpress.com,Yes,,,(319) 465-3555,Paid,Monticello Express Inc,advertising@monticelloexpress.com,Friday 5P,2,11.4,40,
585,Member Publication,Sioux Center Shopper,Peter Wagner,pww@iowainformation.com,67 3rd St NE,,Sioux Center,IA,51250,Sioux,11771 ,Tuesday,creative@iowainformation.com,creative@iowainformation.com,Yes,Jason Lindsay,jlindsay@iowainformation.com,(712) 631-4825,Paid,Iowa Information Publications Inc,drust@iowainformation.com,Thursday 12P,2,9.69,3,
96,Non Member Publication,Direct Mailer,Gregg Knowles,gregg.knowles@netzero.com,529 n East St.,PO Box 910,Carroll,IA,51401,Carroll,23372 ,Tuesday,gregg.knowles@netzero.com,gregg.knowles@netzero.com,Yes,,,(712) 792-2179,Cancelled,Knowles Publishing Corp,gregg.knowles@netzero.com,Thursday 12P,,10.95,0,
155,Member Publication,The Weekly,Craig Mittag,cmittag@shawmedia.com,503 W. Adams,PO Box 126,Creston,IA,50801,Union,15310 ,Tuesday,advertising@crestonnews.com,advertising@crestonnews.com,Yes,,,(641)782-2141,Paid,Shaw Media Company,advertising@crestonnews.com,Thursday 10 AM,2,17.2,,
45,Member Publication,Southwest Iowa Shopper,Jeff Lundquist,newstelegraphpublisher@gmail.com,410 Walnut St.,PO Box 230,Atlantic,IA,50022,Cass,13237 ,Tuesday,dianab@auduboncountynews.com,ant@ant-news.com,Yes,,,(712) 243-2624,Paid,Community Media Group,ant@ant-news.com,Thursday 5P,2,12.3,375,
140,Non Member Publication,Southwest Iowa Super Shopper,,,"300 West Broadway, Ste. #108",,Council Bluffs,IA,51503,Pottawattamie,40251 ,Tuesday,classifieds@nonpareilonline.com,,,Tony Digilio,tony.digilio@owh.com,(712) 328-1811,Cancelled,Omaha World-Herald,cindy.bunten@nonpareilonline.com,Wednesday 12P,,9.75,375,
1336,Member Publication,St. Joseph Newsleader,Janelle Von Pinnon,janellev@thenewsleaders.com,1622 11th Ave SE,,St. Cloud,MN,56304,Stearns,4100 ,First and Third Fridays of month,graphics@thenewsleaders.com,janellev@thenewsleaders.com,,,,(320) 363-7741,Paid,Von Meyer Publishing Inc,janellev@thenewsleaders.com,Tuesday Prior 12P,2,46.15,,
1318,Non Member Publication,Star Advisor,Mike Dupere,mdupere@montenews.com,223 South 1st St.,,Montevideo,MN,56265,Chippewa,11475 ,Monday,jsjurseth@montenews.com,jsjurseth@montenews.com,,,,(320) 269-2156,Cancelled,Gannett Publishing,mdupere@montenews.com,Thursday 9A,,12,,
1338,Member Publication,Star Shopper,Joyce Frericks,joyce@saukherald.com,522 Sinclair Lewis Ave.,,Sauk Centre,MN,56378,Stearns,15663 ,Friday,amanda@saukherald.com,pat@saukherald.com,Yes,Mark Klaphake,,(320) 352-6577,Paid,Star Publications LLC,missy@saukherald.com,Wednesday 12P,2,12.87,58,
475,Member Publication,Super Shopper Waverly,Tracy Cummings,tracycummings@oelweindailyregister.com,311 W. Bremer,,Waverly,IA,50677,Bremer,9704 ,Tuesday,classifieds@oelweindailyregister.com,ads@oelweindailyregister.com,Yes,Melaine Buzynski,melbuzynski@gmail.com,(319) 352-3334,Paid,Community Media Group Inc,melbuzynski@gmail.com,Thursday by 4PM,2,12.52,,
615,Member Publication,Tama County Shopper,Terry Christensen,tchristensen@messengernews.net,135 W. Main,PO Box 1300,Marshalltown,IA,50158,Marshall,9518 ,Wednesday,knash@timesrepublican.com,psokol@tamatoledonews.com,Yes,,,(641) 753-6611,Paid,Ogden Newspapers,psokol@tamatoledonews.com,Thursday- 12 Noon,2,15.54,120,
1495,Non Member Publication,Tempo,Michael Mathes,mike@deltapublications.com,606 Fremont St.,,Kiel,WI,53042,Manitowoc,18597 ,Tuesday,jmathes@wisconsinmediagroup.com,sschjoth@wisconsinmediagroup.com,Yes,,,(920) 894-2828,Cancelled,Delta Publications Inc,sharon@deltapublications.com,Thursday 5P,,14.92,250,
1405,Member Publication,The Country Peddler,Kathy Svidal,kathy@devilslakejournal.com,516 4th St. NE,,Devils Lake,ND,58301,Ramsey,18379 ,Monday,"classifieds@devilslakejournal.com, jschwab@cmpapers.com",dtoso@devilslakejournal.com,Yes,,,701-662-2127,Paid,MCM Media,dtoso@devilslakejournal.com,Tuesday 12P,2,14,4,
1211,Non Member Publication,The Equalizer Extra- Weekly,Scott Munger,scott@EqualizerOnline.com,121 E. Cherry Street,,Vermillion,SD,57069,Clay,9854 ,Tuesday,penny@equalizeronline.com,,Yes,Jill Munger,,(605) 624-8486,Cancelled,PrintSource Network Inc,ads@equalizeronline.com,Wednesday 5P,,7.25,8.25,
746,Member Publication,The Land,Steve Jameson,sjameson@mankatofreepress.com,418 S Second Street,,Mankato,MN,56001,Blue Earth,16683 ,Friday,dpetterson@thelandonline.com,dpetterson@thelandonline.com,Yes,Deb Petterson,dpetterson@thelandonline.com,(507) 345-4523,Paid,CNHI,dpetterson@thelandonline.com,Thursday 12P,2,31,10,
1225,Member Publication,The Valley Shopper,Michael Sipe,mike@midlandpublishing.com,203 S. 3rd St.,,Milbank,SD,57252,Grant,16767 ,Monday,midpub@midlandpublishing.com,midpub@midlandpublishing.com,Yes,,,(605) 432-1000,Paid,Midland Publishing & Printing Co,midpub@midlandpublishing.com,Thursday 12P,2,8.16,135,
1311,Non Member Publication,The Valley Shopper - Crookston,Don Forney,dforney@localiq.com,124 S. Broadway,,Crookston,MN,56716,Polk,9459 ,Saturday,dforney@localiq.com,dforney@localiq.com,Yes,,,(218) 281-2730,Cancelled,Gannett,dforney@localiq.com,Tuesday 12P,,12.25,2.5,
9100,Member Publication,Thrifty Nickel,Debbie Anselm,danselm@qctimes.com,500 E. Third St.,,Davenport,IA,52801,Scott,28864 ,Thursday,Sbrown@qconline.com,,Yes,,,(563) 383-2200,Cancelled,Lee Enterprises,bmenster@qctimes.com,Friday 3P,,16,,
1075,Non Member Publication,Thrifty Nickel of St. Louis,,,4002 Ehlmann Rd.,,St. Peters,MO,63376,Saint Charles,0 ,,stlouis@thriftynickelads.com,,,,,(636) 928-0550,Cancelled,,stlouis@thriftynickelads.com,,,,,
101,Member Publication,Tidbits of Linn & Johnson Cty- Hawkeye Publishing,Russ Swart,russ@tidbitpapers.com,147 Marion Blvd,Suite D,Marion,IA,52302,Linn,10063 ,Tuesday,russ@tidbitpapers.com,russ@tidbitpapers.com,Yes,,,(319) 360-3936,Paid,Hawkeye Publishing,russ@tidbitpapers.com,Tuesday 12 Noon,2,10,0,
1530,Non Member Publication,Tri-County Foxxy Shoppers,Paul Pehler,paul.pehler@lee.net,401 3rd St N,,La Crosse,WI,54601,La Crosse,23995 ,Monday,ads@lacrossetribune.com,,Yes,,,(608) 791-8291,Out of Business,Lee Enterprises,melissa.lara@lee.net,Thursday 4P,,21.6,205,
70,Member Publication,Tri-County Shopper,Jeri Lyn Rupe,shopper@netins.net,208 Weaver Rd.,PO Box 168,Bloomfield,IA,52537,Davis,10033 ,Wednesday,shopper@netins.net,shopper@netins.net,Yes,,,(641) 664-1333,Paid,,shopper@netins.net,Monday 10A,2,8.5,50,50
47,Member Publication,Tri-County Special,Jason Major,office@calhouncountyreminder.com,,PO Box 106,Rockwell City,IA,50579,Calhoun,7988 ,Wednesday,trico@win-4-u.net,trico@win-4-u.net,Yes,,,(712) 688-2216,Paid,Dudley Printing Inc,dpisales9@gmail.com,Friday 5P,2,5.25,0,
620,Member Publication,Vinton Livewire,Tracy Cummings,tracycummings@oelweindailyregister.com,108 E. 5th Street,,Vinton,IA,52349,Benton,11682 ,Wednesday,"comp@vintonnewspapers.com, comp1@vintonnewspapers.com",krista@vintonnewspapers.com,Yes,,,(319) 472-3303,Paid,Community Media Group Inc,comp@vintonnewspapers.com,Friday 12P,2,11.55,2.5,
630,,Washington County Shoppers Guide,Matt Bryant,pub@southeastiowaunion.com,111 North Marion Ave,,Washington,IA,52353,Washington,14056 ,Tuesday,coordinators@ffledger.com,coordinators@ffledger.com,Yes,,,(319) 653-2191,Combined,Folience,julie.scott@southeastiowaunion.com,Thursday 3P,,12,75,
1387,Non Member Publication,West Sherburne/Clearwater Tribune,Gary W Meyer,editor@westsherburnetribune.net,29 Lake St. S.,,Big Lake,MN,55309,Sherburne,0 ,,,,,,,(763) 263-3602,Cancelled,,,,,,,
250,,The Winnebago-Hancock Shopper,,,"687 S. Taft Ave,  Suite 2",,Mason City,IA,50401,Cerro Gordo,11153 ,Tuesday,msc.classads@globegazette.com,,,,,641-421-0518,,Lee Enterprises,MSC.MajorsMail@globegazette.com,Thursday 12Noon,,8.2,60,
1390,Member Publication,Winona Post,Patrick Marek,patrick@winonapost.com,64 E. Second St.,,Winona,MN,55987,Winona,19406 ,Wednesday,class@winonapost.com,class@winonapost.com,Yes,,,(507) 452-1262,Paid,Winona Post Inc,patrick@winonapost.com,Monday 4PM,2,14.75,150,
1500,Non Member Publication,Wisconsin Iowa Shopping News,Bob Woodward III,bob.woodward@wcinet.com,405 N. Marquette Road,,Prairie du Chien,WI,53821,Crawford,16551 ,Tuesday,,,Yes,Mindy Carter,mindy.carter@wcinet.com,608-326-2457,No Longer in Business,Woodward Communications Inc- Wisconsin,,Thurs Noon,2,13.2,4,
5482,Assoc. Member,Page One Printers,Paul Hunting,PHunting@cherryroadpublishing.com,1929 Engebretson St,,Slayton,MN,56172,Murray,0 ,,,,,Steve Torkelson,storkelson@cherryroadpublishing.com,507-836-6540,Paid,507-393-1024,,,,,,
5483,Non Assoc. Member,Horizon Publishing Co,Kim Adams,ads@jesupcitizenherald.com,PO Box 545,,Jesup,IA,50648,Buchanan,0 ,,,,,,,(319) 827-1128,Cancelled,,,,,,,
5484,Non Assoc. Member,JB Multimedia,Justin Gerena,info@jbmultimedia.net,"6800 Jericho Tpke, Ste 120W",,Syosset,NY,11791,Nassau,0 ,,,,,,,(888) 592-3212 x710,Cancelled,,,,,,,
5485,Assoc. Member,Kansas Publishing,Joey Young,joey@kspublishingventures.com,116 S Main St,,Hillsboro,KS,67063,Marion,0 ,,,,,,,316-712-2125,Paid,,,,,,,
5486,Non Assoc. Member,KANTAR MEDIA/ SRDS,Michael Forgash,michael.forgash@srds.com,1451 Millmoore Terrace,,Dacula,GA,30019,Gwinnett,0 ,,,,,,,(917)-421-9071,Cancelled,,,,,,,
5487,Non Assoc. Member,NAPS,Gary Lipton,glipton@napsnet.com,501 Fifth Ave. 9th Floor,,New York,NY,10017,New York,0 ,,,,,,,(800) 222-5551,Cancelled,,,,,,,
5488,Assoc. Member,Steel City Corporation,Jim Smith,jsmith@scity.com,1000 Hedstrom Drive,,Ashland,OH,44804,Hancock,0 ,,,,,,,,Paid for 2022-2023,,,,,,,
5489,Assoc. Member,Woodward Printing Services,Brent Cochems,brent.cochems@wcinet.com,11 Means Dr,,Platteville,WI,53818,Grant,0 ,,,,,,,(800) 348-5515,Paid,,,,,,,
5491,Non Assoc. Member,Forum Communications Printing,Laura Feldner,lfeldner@forumprinting.com,4601 16th Ave N,,Fargo,ND,58102,Cass,0 ,,,,,,,(800) 765-2937,Good Standing,,,,,,,
5492,Bronze Assoc. Member,Mediabids,June Peterson,jpeterson@mediabids.com,448 Main St,PO BOX 839,Winsted,CT,06098,Litchfield,0 ,,,,,,,(860) 379-9602 x506,Paid,,,,,,,
5494,Gold Assoc. Member,ASK-CRM -(Streamlined Office Solutions LLC),Robin E. Smith,robin.smith@ask-crm.com,193 Mayflower Rd,,Johnson City,TN,37601,Washington,0 ,,,,,,,(410) 449-4777,Paid,Streamlined Office Solutions,,,,,,
5495,Silver Assoc. Member,Circulation Verification Council - CVC,Tim Bingaman,tbingaman@cvcaudit.com,"12166 Old Big Bend Rd, Suite 210",,Kirkwood,MO,63122,Saint Louis,0 ,,,,,,,(314) 966-7711,Paid,,,,,,,
9200,Non Assoc. Member,Amber Technologies Times,Scott Hallam,scott@amberplains.com,3238 Golden Meadow Way,,Colorado Springs,CO,80908,El Paso,0 ,,sshallam@hotmail.cm,sshallam@comcast.net,,Sam Hallam,sam@amberplains.com,719-332-5033,Good Standing,Amber Technologies LLC,,Friday,,20,25,
9201,Non Member Publication,Midwest Free Community Papers,Lee Borkowski,director@mfcp.org,29160 Hell Hollow Road,Suite 100,Richland Center,WI,53581,Richland,0 ,,office@mfcp.org,office@mfcp.org,Yes,Sue Pilla,,715-340-9500,Good Standing,MFCP,office@mfcp.org,,,,,
9202,Non Assoc. Member,Pride In Graphics,Mike E,mike@prideingraphics.com,6400 N Northwest Hwy,PO Box 201,Chicago,IL,60631,Cook,0 ,,,,,,,312-320-2900,Good Standing,,,,,,,
9203,Non Member Publication,Tower Publications,Pam Sapp,pam@towerpublications.com,4400 NW 36th Ave,,Gainesville,FL,32606,Alachua,0 ,,,,,,,800-294-4033,Good Standing,,,,,,,
9204,Non Member Publication,Wide Area Classifieds,,,113 North Minnesota Street,PO Box 9,New Ulm,MN,56073,Brown,0 ,,orders@wideareaclassifieds.com,,,,,800-324-8236,Good Standing,,,,,,,
9209,Non Member Publication,Bonny Buyer,William Helenthal,billh@dailydem.com,1226 Avenue H,PO Box 160,Ft Madison,IA,52627,Lee,11903 ,Wednesday,,tonys@dailydem.com,Yes,Steve Helenthal,,319-372-6421,Cancelled,Community Media Group Inc,tonys@dailydem.com,Friday 12P,,9,,
9210,Non Member Publication,Nationwide Advertising,Cliff Whitt,sales@nationwideadvertising.com,5955 Masters Blvd,,Orlando,FL,32819,Orange,0 ,,sales@nationwideadvertising.com,,,,,407-909-1644,Good Standing,,,,,,,
9211,Non Member Publication,Northeast Iowa Shopper (Wrightz Auction),,,,,Charles City,IA,50616,Floyd,16346 ,,,,,,,(641) 228-3211,Good Standing,Use for purpose of Wrightz Auction (Gilbert's) only,"chris@charlescitypress.com, graphics@charlescitypress.com",Thursday 12P,,22.69,4,
9212,Non Member Publication,Mitchell County Press,,,300 N Washington,,Mason City,IA,50402,Cerro Gordo,6666 ,,,,,,,641-421-0518,Good Standing,Lee Enterprises,john.frels@globegazette.com,Thursday 2P,,10.71,5,
9214,Non Member Publication,Century Homes of Oskaloosa,,,1712 Pella Ave,,Oskaloosa,IA,52577,Mahaska,0 ,,edkinkade@centuryhomes.net,,,,,641-672-2344,Good Standing,,,,,,,
9215,Member Publication,Lake Panorama Times,Shane Goodman,shane@dmcityview.com,"8101 Birchwood Court, Suite D",,Johnston,IA,50131,Polk,2000 ,Thursday,jolene@iowalivingmagazines.com,jolene@iowalivingmagazines.com,Yes,,,515-953-4822,Paid,Big Green Umbrella Media,jolene@iowalivingmagazines.com,Monthly by 4PM,2,0,,
9216,Member Publication,"Patriot News MN, LLC",William Morgan,reporter.bill@patriotnewsmn.com,14054 Bank St.,,Becker,MN,55308,Sherburne,17270 ,Saturday,legals.kathy@patriotnewsmn.com,legals.kathy@patriotnewsmn.com,,,,(763) 275-0275,Paid,"Wm Morgan, C Meyer, C Hanson, K Nelson (Owners)",,Wednesday 12P,2,17.6,,
9218,Non Member Publication,New Hampton Tribune & Nashua Reporter,,,,,,,,No County Identified,0 ,,,,,,,,Good Standing,,accounting@nhtrib.com,Wednesday 5P,,11.85,3,
9226,Non Member Publication,American Classified Services,Leigh Ann Kristiansen,leighann@advertisingresults.com,2318 Westfield Dr.,PO Box 80184,"Billings, MT 59108",MT,59106,Yellowstone,0 ,,leighann@advertisingresults.com,leighann@advertisingresults.com,,,,618-351-7570,,,,,,,,
9227,Member Publication,Hometown Trader,Lisa Miller,lmiller@ncppub.com,135 S Main St,,Salem,SD,57058,Mccook,4491 ,Wednesday,ads@ncppub.com,ads@ncppub.com,Yes,,,(605) 425-2361,Paid,"New Century Press, Inc",ads@ncppub.com,Friday 12P,2,6,,150
9228,Member Publication,Shopping Guide,Lisa Miller,lmiller@ncppub.com,"100 W Hwy 38, Ste K",PO Box 474,Hartford,SD,57033,Minnehaha,10282 ,Wednesday,ads@ncppub.com,ads@ncppub.com,Yes,,,(605) 321-9153,Paid,"New Century Press, Inc",ads@ncppub.com,Friday 12P,2,6,,150
9229,Non Member Publication,Hansen Auction Group,,,E1026 State Road 170,,Downing,WI,54734,Dunn,0 ,,director@mfcp.org,,,,,,,,,,,,,
9230,Assoc. Member,Saturation Mailers Coalition,Donna Hanbery - Executive Director,hanbery@hnclaw.com,33 South 6th Street,Suite 4160,Minneapolis,MN,55424,Hennepin,0 ,,,,,,,(612) 340-9350,Paid,,,,,,,
9231,Non Member Publication,OELWEIN DAILY REGISTER,,,25 1st Street SE,,Oelwein,IA,50662,Fayette,0 ,,,,,,,,,,ads@oelweindailyregister.com,Thursday 1P,,9.05,2.5,
9232,Non Member Publication,Oshkosh Herald,Karen Schneider,karen@oshkoshherald.com,923 S Main St #C,,Oshkosh,WI,54902,Winnebago,29783 ,Wednesday,classifieds@oshkoshherald.com,,,,,(920) 508-9000,Cancelled,,advertise@oshkoshherald.com,Friday noon,,44,,
9234,Assoc. Member,Metro Creative,Jennifer Steiner,jsteiner@metro-email.com,PO Box 130,,Roslyn Heights,NY,11577,Nassau,0 ,,,,,,,(800) 223-1600,Paid,,,,,,,
9235,Non Member Publication,Iowa Living - Urbandale,Shane Goodman,shane@dmcityview.com,"8101 Birchwood Court, Suite D",,Johnston,IA,50131,Polk,0 ,,,,,Jolene Goodman,jolene@iowalivingmagazines.com,,,Big Green Umbrella,,,,,,
9236,Non Member Publication,Iowa Living - Ankeny,Shane Goodman,shane@dmcityview.com,,,,,,No County Identified,0 ,,,,,Jolene Goodman,jolene@iowalivingmagazines.com,,,Big Green Umbrella,,,,,,
9237,Member Publication,The Shopper,Fernando Diaz,fernando@myshopper.biz,924 E 162nd St,,South Holland,IL,60473,Cook,7000 ,Wednesday,fernando@myshopper.biz,fernando@myshopper.biz,Yes,,,(708) 333-5901,Paid,,fernando@myshopper.biz,Friday 4,2,6.5,,
9241,Member Publication,Dairy Star,Joyce Frericks,joyce@saukherald.com,522 Sinclair Lewis Ave,,Sauk Centre,MN,56378,Stearns,14930 ,Saturday,,,,Mark Klapake,mark.k@dairystar.com,(320) 352-6577,Paid,Star Publications LLC,joyce@saukherald.com,Friday,1,19.4,295.0015,
9242,Non Member Publication,Independence Bulletin-Journal,Tracy Cummings,tracycummings@oelweindailyregister.com,900 5th Ave Ne,,Independence,IA,50644,Buchanan,1547 ,Wednesday,,,,,,319-334-2557 EXT 1212,Display Ad Network sales only,Deb Weigel's Paid Pubs,tracy.cummings@oelweindailyregister.com,,,13,,
9243,Non Member Publication,Cedar Valley Times,Tracy Cummings,tracycummings@oelweindailyregister.com,,,,,,No County Identified,980 ,Friday,,,,,,,Display Ad Network sales only,Deb Weigel's Paid Pubs,tracy.cummings@oelweindailyregister.com,,,13,,
9244,Non Member Publication,Waverly Democrat,Tracy Cummings,tracycummings@oelweindailyregister.com,,,,,,No County Identified,2840 ,Thursday,,,,,,,Display Ad Network sales only,Deb Weigel's Paid Pubs,tracy.cummings@oelweindailyregister.com,,,13,,
9246,Non Member Publication,Charles City Press,Christopher Hall,christopherHall@charlescitypress.com,801 Riverside Drive,,Charles City,IA,50616,Floyd,2000 ,Tuesday/Friday,classifiedads@charlescitypress.com,,,,,641-228-3211,Display Ad Network sales only,,christopherHall@charlescitypress.com,Day prior 10AM,,12.22,3,
9251,Non Member Publication,Access To Media,Jennifer Roissing,JenniferR@accesstomedia.com,432 Front Street,,Chicopee,MA,01013,Hampden,0 ,,,,,,,(413)206-0705,Cancelled,,,,,,,
9255,Non Member Publication,Publication Printers,Samantha Coulter,samantha.coulter@publicationprinters.com,2001 S. Platte River Dr.,,Denver,CO,80223,Denver,0 ,,,,,,,303-936-0303,Cancelled,,,,,,,
9256,Bronze Assoc. Member,Merrimac Plus,Carol Toomey,carolaction@aol.com,100 Domino Drive,,Concord,MA,01720,Middlesex,0 ,,,,,,,978-371-2442,Cancelled,,,,,,,
9257,Non Member Publication,AgWeek,,,101 5th St N,,Fargo,ND,58102-4826,Cass,0 ,Monday,,,,,,701-680-2452,Display Ad Network sales only,Forum Communications Company,Kbauer@agweek.com,Wednesday  12 noon,,28,4,
9259,Board Member,Greg Birkett - Board Member,,,2966 J.F.K. Road,,Dubuque,IA,52002,Dubuque,0 ,,,,,,,,,,,,,,,
9260,Non Member Publication,MVP - RISING STAR TEAM MEMBERS,Lee Borkowski,DIRECTOR@MFCP.ORG,,,,,,No County Identified,0 ,,,,,Cassey Recore,CASSEY@COMMMUNITYPUBLISHERS.COM,,,,,,,,,
9261,,NON-MEMBER REGISTRATION PORTAL,mfcp office,DIRECTOR@MFCP.ORG,,,,,,No County Identified,0 ,,,,,,,,,,,,,,,
9262,Board Member,Lloyd Uthe - Board Member,,,4009 W. 49th St. Ste 105,,Sioux Falls,SD,57106,Minnehaha,0 ,,,,,,,,,,,,,,,
9264,Member Publication,Longfellow Nokomis Messenger,Tesha M. Christensen,tesha@tmcpub.com,5139 34th Ave. S. #17097,,Minneapolis,MN,55417,Hennepin,22000 ,Thursday,tesha@tmcpub.com,tesha@tmcpub.com,,,,612-345-9998,Paid,TMC Publications Co.,tesha@tmcpub.com,Monday 4 PM,2,27.14,0,
9265,Member Publication,Midway Como Frogtown Monitor,Tesha M. Christensen,tesha@tmcpub.com,5139 34th Ave. S. #17097,,Minneapolis,MN,55417,Hennepin,23500 ,Thursday,tesha@tmcpub.com,tesha@tmcpub.com,,,,612-345-9998,Paid,TMC Publications Co.,tesha@tmcpub.com,Monday 4PM,2,27.14,0,
9266,Member Publication,Southwest Connector,Tesha M. Christensen,tesha@tmcpub.com,5139 34th Ave. S. #17097,,Minneapolis,MN,55417,Hennepin,25500 ,Thursday,tesha@tmcpub.com,tesha@tmcpub.com,,,,612-345-9998,Paid,TMC Publications Co.,tesha@tmcpub.com,Monday 4PM,2,27.14,0,
9267,Non Member Publication,The Savings Guide,Nancy Tulli,,PO BOX 169,,Mechanicsburg,PA,17055,`,0 ,,,,,,,717-691-1044,,,,,,,,
9269,Assoc. Member,DESIGN2PRO,Mikhail Kurov,,276 Schulte Ln,,Santa Barbara,CA,93105-1962,Santa Barbara,0 ,,,,,Howard Barbanel,howard@design2pro.com,516-860-7440,Paid for 2023-2024,,,,,,,
9270,Non Member Publication,Waterloo Courier,David Adams,david.adams@wcfcourier.com,,,,,,No County Identified,0 ,,,,,,,1-319-291-1495,,Lee Enterprises,kelly.balvanz@lee.net,Thursday 3PM,,14.29,100,100
9271,Non Member Publication,Golden Link,,,,,,,,No County Identified,0 ,Wednesday,,,,,,507-456-4299,Display Ad Network sales only,Steele County Times,wpriebe@steelecountytimes.com,Friday NOON,,11.429,,
9272,Non Member Publication,Iowa Farmer Today,,,1625 Boyson RD,Suite 106,Hiawatha,IA,52233,Linn,0 ,Saturday,,,,Anne Armstrong- Lee Agri-Media Consultant,,319-360-8242,,Lee Agri-Media,anne.armstrong@iowafarmertoday.com,Thursday prior week 10AM,,75.17,,
9273,Non Member Publication,Cape Cod Marketing Partner LLC,Stephen Kota,stephen.kota@evdodepotusa.com,133 Falmouth Road,Suite 1D,Mashpee,MA,02649,Barnstable,0 ,,,,,,,508-353-0017,,,,,,,,
9274,Member Publication,Quik Quarter,Steve Michels,steve@michelscom.com,2940 Motherlode Drive,,Rapid City,SD,57702,Pennington,5500 ,Thursday,margi@michelscom.com,margi@michelscom.com,,Kevin Culhane,kevin@michelsoncom.com,605-332-0421,Paid,Michels Communications,margi@michelscom.com,Monday 5pm,2,,0,
9275,Non Member Publication,North Iowa Shopper(was Mason City & Winnebago),,,687 S. Taft Ave,Suite 2,Mason City,IA,50401,Cerro Gordo,33955 ,Tuesday,msc.classads@globegazette.com,,,,,641-421-0503,No Longer in Business,Lee Enterprises,john.frels@globegazette.com,Thursday 2PM,,10,60.00115,60
9280,Board Member,Julia Thompson - Board Member,,,110 W. Pearl St.,,Albert Lea,MN,56007,Freeborn,0 ,,,,,,,,,,,,,,,
9281,Board Member,Brad Hicks - Board Member,,,14 E. Nebraska St.,,Algona,IA,50511,Kossuth,0 ,,,,,,,,,,,,,,,
9282,Board Member,DAN JUFFER - BOARD MEMBER,,,8101 Birchwood Court- Suite D,,Johnston,IA,50131,Polk,0 ,,,,,,,,,,,,,,,
9283,Board Member,Deb Weigel - Board Member,,,25 First Street SE,,Oelwein,IA,50662,Fayette,0 ,,,,,,,,,,,,,,,
9284,Board Member,Joyce Frericks - Board Member,,,2 2nd Ave S. #135,,Sauk Rapids,MN,56379,Benton,0 ,,,,,,,,,,,,,,,
9285,Board Member,Lisa Miller - Board Member,,,310 1st Ave,,Rock Rapids,IA,51246,Lyon,0 ,,,,,,,,,,,,,,,
9286,Board Member,Mike Kolbe - Board Member,,,1114 7th St.,,Harlan,IA,51537,Shelby,0 ,,,,,,,,,,,,,,,
9287,Board Member,Mona Garwood - Board Member,,,108 E. 5th St.,,Vinton,IA,52349,Benton,0 ,,,,,,,,,,,,,,,
9288,Board Member,Peggy Loveless - Board Member,,,116 2nd Ave S.E.,PO Box 117,Cresco,IA,52136,Howard,0 ,,,,,,,,,,,,,,,
9289,Board Member,Tiffany Gardner - Board Member,,,11 Means Dr.,,Platteville,WI,53818,Grant,0 ,,,,,,,,,,,,,,,
9291,Non Member Publication,East Central Iowa Shopping News,Denise Brady,dbrady@wcinet.com,405 E. Main St.,PO Box 108,Anamosa,IA,52205,Jones,11281 ,Tuesday,,dbrady@wcinet.com,,,,319-462-3511,No Longer in Business,Woodward Communications Inc - Iowa,dani.ortmann@wcinet.com,,,14.57,6.5,30
9295,Assoc. Member,"Requester Pro, LLC",Hillary Carroll,hillary@requesterpro.com,15724 S Sunset Ridge Ct #2E,,Orland Park,IL,60462,Cook,0 ,,,,,,,708-297-5771,Paid for 2022-2023,,,,,,,
9298,Member Publication,Rocket,,,1114 7th St,PO Box 721,Harlan,IA,51537,Shelby,18412 ,Tuesday,design@harlanonline.com,tami@harlanonline.com,,,,712-755-3111,Paid,"Harlan Publishing, Inc- Corporation",tami@harlanonline.com,10AM Friday,0,9,,180
9306,,TESTING DATA,,,,,,,,No County Identified,0 ,,,,,,,,,,,,,,,
9307,Member Publication,Southeast Iowa Shopper,Matt Bryant,matt.bryant@southeastiowaunion.com,111 North Marion Ave,,Washington,IA,52353,Washington,27626 ,Tuesday,coordinators@ffledger.com,coordinators@ffledger.com,,,,319-653-2191,Paid,"Folience, Inc.",julie.scott@southeastiowaunion.com,Thursday 10AM,2,21.9,,
9308,Assoc. Member,Make It Personal Promotional Products,Brad Hicks,info@makeitpersonalpp.com,14 E Nebraska St,,Algona,IA,50511,Kossuth,0 ,,,,,,,515-295-3535,Paid,"Enterprise Media Inc., Charles City",,,,,,
9309,Bronze Assoc. Member,Legal Notice Service,Andrew Morys,amorys@chronicleillinois.com,1910 S. Highland Ave,Ste 250,Lombard,IL,60148,Du Page,0 ,,,,,,,312-488-1426,Paid for 2023-2024,,,,,,,
9310,Assoc. Member,iPromote,,,3000 Broad Street,,San Luis Obispo #115,CA,93401,San Luis Obispo,0 ,,,,,Jill Lemieux,jill@ipromote.com,805-801-1205,Paid,,,,,,,
9311,Non Member Publication,Manchester Press,,,PO Box 245,,Manchester,IA,52057,Delaware,0 ,Wednesday,,,,Jason Norton,jason.norton@wcinet.com,563-875-7131,,Woodward Communications,"june.naber@wcinet.com, lvorwald@wcinet.com ",Monday,,11.97,6.5,30
9312,Assoc. Member,Standard International Publishing Group,Connie Miller,connie@stndpub.com,2614 Tamiani Tr. N #420,,Naples,FL,34103,Collier,0 ,,,,,,,239-248-5550,Paid,,,,,,,
9313,Member Publication,Guthrie Center Times,Shane Goodman,shane@dmcityview.com,104 Industrial Road,,Guthrie Center,IA,50115,Guthrie,2663 ,Thursday- 3rd,beckham@dmcityview.com,jolene@iowalivingmagazines.com,,,,641-755-2115,Paid for 2023-2025,Big Green Umbrella Media,jolene@iowalivingmagazines.com,1st of Publish Month,2,,0,
9314,Member Publication,Panora Times,Shane Goodman,shane@dmccityview.com,104 Industrial Road,,Guthrie Center,IA,501145,Guthrie,2625 ,Thursday- 4th,beckham@dmcityview.com,jolene@iowalivingmagazines.com,,,,641-755-2115,Paid for 2023-2025,Big Green Umbrella Media,jolene@iowalivingmagazines.com,1st of the Publish Month,2,,0,
9316,Member Publication,The West Union/Area Shoppers' Guide,Tracy Cummings,tracy.cummings@oelweindailyregister.com,119 S. Vine St.,PO Box 153,West Union,IA,52175,Fayette,3763 ,Wednesday,amys@fayettecountynewspapers.com,amys@fayettecountynewspapers.com,Yes,,,563-422-3888,Paid,Community Media Group,amys@fayettecountynewspapers.com,Friday  11:00 AM,2,16,17,
9317,Non Member Publication,Globe Gazette,,,687 S. Taft Ave. Suite 2,,Mason City,IA,50401,Cerro Gordo,0 ,,,,,David DeSmidt,david.desmidt@wcfcourier.com,641-421-0503 (John),,,John.Frels@globegazette.com,Thursday Prior 5PM,,14,,
9318,Non Member Publication,TRI-COUNTY SOUTH ADVERTISER,Richard Lee,richardlee@iccpawi.com,303 North Wisconsin Avenue,,Frederic,WI,54837,Polk,0 ,,,,,,,715-327-4236,Wisconsin Publication,Inter-County Cooperative Pub Association,,,,,,
9319,Non Member Publication,TRI-COUNTY NORTH ADVERTISER,Richard Lee,richardlee@iccpawi.com,303 North Wisconsin Avenue,,Frederic,WI,54837,Polk,0 ,,,,,,,715-327-4236,Wisconsin Publication,Inter-County Cooperative Pub Association,,,,,,
9320,Non Member Publication,Indianhead Advertiser,Richard Lee,richardlee@iccpawi.com,303 North Wisconsin Avenue,,Frederic,WI,54837,Polk,0 ,,,,,,,715-327-4236,Wisconsin Publication,Inter-County Cooperative Pub Association,,,,,,
9321,Non Member Publication,Wild Rivers North Advertiser,Richard Lee,richardlee@iccpawi.com,303 North Wisconsin Avenue,,Frederic,WI,54837,Polk,0 ,,,,,,,715-327-4236,Wisconsin Publication,Inter-County Cooperative Pub Association,,,,,,
9322,Non Member Publication,Wild Rivers South Advertiser,Richard Lee,richardlee@iccpawi.com,303 North Wisconsin Avenue,,Frederic,WI,54837,Polk,0 ,,,,,,,715-327-4236,Wisconsin Publication,Inter-County Cooperative Pub Association,,,,,,
9324,Non Member Publication,MICHAEL FUNK,,,4 Forest Ridge Court,,Phenix City,AL,36867,Russell,0 ,,,,,,,706-761-1745,,,,,,,,
9325,Bronze Assoc. Member,White Wolf Web Printers,Sam Wagner- VP,SamW@IowaInformation.com,103 Crossroads Dr,PO Box 160,Sheldon,IA,51201,Obrien,0 ,,,,,,,712-324-5347,Paid,,,,,,,
9326,Member Publication,"Driftless, The",Christopher Hall,christopherhall@charlescitypress.com,110 Washington St.,PO Box 350,Decorah,IA,52101,Winneshiek,12500 ,Tuesday,lynn.ninos@driftlessjournal.com,lynn.ninos@driftlessjournal.com,,,,563-382-4221,Paid,,megan.warner@driftlessjournal.com,Thursday Noon,2,13,2,
9327,Non Member Publication,Driftess and Decorah Leader Combo,,,,,,,,No County Identified,0 ,,,,,,,,Good Standing,,megan.warner@driftlessjournal.com,Thursday noon,,19.5,4,
9328,Non Member Publication,Dyersville Commercial,,,,,,,,No County Identified,0 ,,,,,,,563-875-7131,,Woodward Communications,june.naber@wcinet.com,Thursday 2PM,,11.97,,
9329,Non Member Publication,Cascade,,,,,,,,No County Identified,0 ,,,,,,,563-875-7131,,Woodward Communications,june.naber@wcinet.com,Thursday 2PM,,11.97,,
9330,Member Publication,NORTHEASTER,Vince Brown,Vince@MyNortheaster.com,2844 Johnson St. NE,,Minneapolis,MN,55418,Hennepin,32000 ,Wednesday,Contact@MyNortheaster.com,Vince@MyNortheaster.com,,,,612-788-9003,Paid for 2024-2026,,Vince@MyNortheaster.com,Tuesday- 3PM,2,,,
9331,Bronze Assoc. Member,RRD (R.R. Donnelley & Sons),David Cesaro,david.cesaro@rrd.com,8 Orchard Farm Lane,,Avon,CT,06001,Hartford,0 ,,,,,,,860-930-7286,Paid,,,,,,,
9332,Bronze Assoc. Member,Decorah News.com,Lon Haenel,lon@decorahnews.com,310 Country View Ct,,Janesville,WI,53548,No County Identified,0 ,,,,,,,608-289-4070,Paid,,,,,,,
9333,Non Member Publication,Northeast Iowa Shopper/Charles City Press Combo,,,,,,,,No County Identified,0 ,,,,,,,641-228-3211,,Charles City Press,"chris@charlescitypress.com, graphics@charlescitypress.com",Thurs 12PM,,24,,
9334,Member Publication,Pocahontas County Advertiser/10 pt Publications LLC,Kristin Grabinoski,kris@humboldtnews.com,218 N Main,PO Box 128,Pocahontas,IA,50574,Pocahontas,4651 ,Tuesday,pokyrdads@gmail.com,pokyrdsales@gmail.com,,,,712-335-3553,,,pokyrdsales@gmail.com,Friday 4pm prior ,,9,,
